file_name,class
cifar10-train-25538.png,airplane
cifar10-train-1086.png,airplane
cifar10-train-12192.png,airplane
cifar10-train-43783.png,airplane
n03596543_2495.png,airplane
n03335030_17850.png,airplane
cifar10-test-6980.png,airplane
n02704645_9275.png,airplane
n03596543_1943.png,airplane
cifar10-train-27415.png,airplane
n04308273_4856.png,airplane
n02867715_7681.png,airplane
n04012084_10342.png,airplane
n04308397_647.png,airplane
n03595860_12031.png,airplane
n02842573_620.png,airplane
n02842573_5515.png,airplane
n02704645_12577.png,airplane
n04583620_2862.png,airplane
cifar10-test-4510.png,airplane
cifar10-train-13165.png,airplane
n02690373_6231.png,airplane
n02686121_778.png,airplane
cifar10-test-8358.png,airplane
n04222723_9480.png,airplane
n03577672_6736.png,airplane
n03809312_3488.png,airplane
cifar10-train-1664.png,airplane
n04160586_15142.png,airplane
cifar10-train-33819.png,airplane
n03577672_5790.png,airplane
n04160586_13574.png,airplane
n03365231_5965.png,airplane
n03595860_17086.png,airplane
n04308397_2504.png,airplane
n02842573_3869.png,airplane
n03596543_557.png,airplane
n03783873_6180.png,airplane
n03577672_12964.png,airplane
cifar10-train-19753.png,airplane
n02690373_120.png,airplane
n04230487_2699.png,airplane
n03215191_5469.png,airplane
n02691156_2641.png,airplane
n03335030_8732.png,airplane
n03798610_2130.png,airplane
n02867715_1548.png,airplane
n02842573_2827.png,airplane
n02842573_10639.png,airplane
n03335030_3603.png,airplane
n03365231_6684.png,airplane
n03596543_7149.png,airplane
n02867715_429.png,airplane
n02690373_9676.png,airplane
n03335030_21551.png,airplane
n04308397_5099.png,airplane
cifar10-test-9826.png,airplane
cifar10-test-298.png,airplane
n03335030_40398.png,airplane
n03798610_2230.png,airplane
n04308397_2252.png,airplane
n03215191_1419.png,airplane
cifar10-test-3.png,airplane
n04308273_24.png,airplane
n03215191_7178.png,airplane
cifar10-train-24676.png,airplane
n02867715_4969.png,airplane
n04308397_18.png,airplane
n02842573_8796.png,airplane
n02867715_18120.png,airplane
n02691156_11379.png,airplane
n03604311_7019.png,airplane
cifar10-test-4525.png,airplane
n03809312_1861.png,airplane
n04583620_2963.png,airplane
cifar10-test-6302.png,airplane
cifar10-test-2241.png,airplane
n02691156_1267.png,airplane
n02842573_10147.png,airplane
n02842573_9834.png,airplane
n02686121_418.png,airplane
cifar10-test-9841.png,airplane
n04160586_17306.png,airplane
n04012084_7269.png,airplane
n02691156_12569.png,airplane
n02690373_9848.png,airplane
n03174079_3474.png,airplane
n03809312_1640.png,airplane
n04308397_1119.png,airplane
cifar10-train-604.png,airplane
cifar10-train-8383.png,airplane
n03373611_3761.png,airplane
cifar10-test-9766.png,airplane
cifar10-test-9065.png,airplane
n02691156_585.png,airplane
n03604311_3624.png,airplane
n03596543_5597.png,airplane
n03809312_836.png,airplane
n04230487_4053.png,airplane
n04012482_4388.png,airplane
n04012084_9626.png,airplane
cifar10-train-12757.png,airplane
n03215191_2107.png,airplane
n03335030_3922.png,airplane
n02867715_3617.png,airplane
n02704645_11766.png,airplane
n03335030_26131.png,airplane
n02686121_637.png,airplane
n02686121_3204.png,airplane
n03604311_1566.png,airplane
cifar10-train-42376.png,airplane
n03595860_3673.png,airplane
n04230487_2769.png,airplane
n04308397_2659.png,airplane
n04012084_148.png,airplane
cifar10-test-8643.png,airplane
n03335030_3274.png,airplane
cifar10-test-7148.png,airplane
cifar10-test-4228.png,airplane
n03335030_49587.png,airplane
n03335030_15175.png,airplane
n03783873_10161.png,airplane
n02842573_10313.png,airplane
n03335030_10192.png,airplane
n03365231_3663.png,airplane
n03577672_16433.png,airplane
n02690373_9959.png,airplane
n03365231_15431.png,airplane
cifar10-test-8991.png,airplane
n02691156_17874.png,airplane
cifar10-test-3608.png,airplane
n04583620_10585.png,airplane
n02690373_7276.png,airplane
cifar10-test-3097.png,airplane
n02686121_7015.png,airplane
n02686121_4291.png,airplane
n02867715_14796.png,airplane
n03596543_5329.png,airplane
n02842573_106.png,airplane
n04308273_325.png,airplane
n03335030_26575.png,airplane
n02842573_3019.png,airplane
cifar10-train-43775.png,airplane
n02704645_3267.png,airplane
n02690373_2414.png,airplane
cifar10-train-35258.png,airplane
n03335030_697.png,airplane
n03596543_4507.png,airplane
n02686121_434.png,airplane
n03335030_16522.png,airplane
cifar10-train-14347.png,airplane
n04160586_11843.png,airplane
n03577672_2161.png,airplane
n04222723_3131.png,airplane
n02691156_3507.png,airplane
n04160586_26351.png,airplane
n03596543_2684.png,airplane
n02842573_10138.png,airplane
cifar10-test-1197.png,airplane
n04583620_6411.png,airplane
n04160586_4945.png,airplane
n03809312_4664.png,airplane
n03595860_2557.png,airplane
n02842573_5125.png,airplane
n03373611_10414.png,airplane
n04012084_8425.png,airplane
n03604311_1568.png,airplane
n04012084_3789.png,airplane
n02842573_4579.png,airplane
n02691156_10570.png,airplane
cifar10-test-6191.png,airplane
n04160586_25869.png,airplane
cifar10-test-6549.png,airplane
n02867715_5603.png,airplane
cifar10-test-4004.png,airplane
n02842573_9107.png,airplane
cifar10-test-4269.png,airplane
n02842573_9964.png,airplane
n03595860_9445.png,airplane
cifar10-train-42205.png,airplane
cifar10-train-2513.png,airplane
n02842573_7603.png,airplane
n02867715_15877.png,airplane
n03215191_5422.png,airplane
n03809312_4456.png,airplane
n02867715_11329.png,airplane
n03577672_11853.png,airplane
n04308397_1619.png,airplane
n02867715_13745.png,airplane
n02690373_4368.png,airplane
cifar10-test-1879.png,airplane
n03215191_3076.png,airplane
n04503499_4563.png,airplane
n03604311_8329.png,airplane
n04308273_1042.png,airplane
n02690373_2974.png,airplane
n04308273_1852.png,airplane
n03809312_2465.png,airplane
n04583620_9831.png,airplane
cifar10-test-6450.png,airplane
n02691156_38817.png,airplane
n04012084_4613.png,airplane
n04012084_2633.png,airplane
n03365231_4533.png,airplane
n03798610_932.png,airplane
cifar10-test-6400.png,airplane
n04012482_1333.png,airplane
n04583620_10109.png,airplane
n03595860_14038.png,airplane
cifar10-train-49100.png,airplane
cifar10-train-41235.png,airplane
n03595860_31241.png,airplane
cifar10-test-7477.png,airplane
n02867715_8367.png,airplane
cifar10-test-6966.png,airplane
n04222723_1420.png,airplane
n03604311_8960.png,airplane
cifar10-train-1329.png,airplane
n04308397_2105.png,airplane
n04308273_861.png,airplane
cifar10-train-12817.png,airplane
n03577672_12905.png,airplane
n04222723_6404.png,airplane
cifar10-train-2578.png,airplane
n03335030_2307.png,airplane
cifar10-train-43479.png,airplane
cifar10-test-5707.png,airplane
n03577672_4765.png,airplane
n04012084_8026.png,airplane
cifar10-train-14325.png,airplane
n02704645_2079.png,airplane
n03595860_3142.png,airplane
n03596543_8084.png,airplane
n04012084_900.png,airplane
n04583620_2650.png,airplane
n03604311_6792.png,airplane
n04222723_8308.png,airplane
n03365231_2995.png,airplane
n03365231_174.png,airplane
n03604311_8718.png,airplane
n02691156_394.png,airplane
cifar10-test-4639.png,airplane
n02691156_15954.png,airplane
n02842573_10761.png,airplane
cifar10-test-1574.png,airplane
n04222723_8742.png,airplane
cifar10-train-49091.png,airplane
n03335030_26635.png,airplane
n03215191_92.png,airplane
n02842573_9816.png,airplane
n03595860_2437.png,airplane
n03365231_2578.png,airplane
cifar10-train-25391.png,airplane
n03365231_6275.png,airplane
n03604311_8414.png,airplane
n03321419_1147.png,airplane
n02691156_3246.png,airplane
cifar10-test-116.png,airplane
cifar10-train-18436.png,airplane
n04583620_7926.png,airplane
cifar10-test-8265.png,airplane
n04308273_613.png,airplane
n03335030_14979.png,airplane
n04308397_957.png,airplane
n03373611_2922.png,airplane
n03365231_5802.png,airplane
n02842573_6728.png,airplane
n04012084_9864.png,airplane
n04012084_1230.png,airplane
n02686121_1784.png,airplane
n04308397_2494.png,airplane
n03373611_1010.png,airplane
n02704645_19335.png,airplane
n03577672_3539.png,airplane
n04308397_3072.png,airplane
n03798610_1014.png,airplane
n02691156_1058.png,airplane
n02867715_4099.png,airplane
n02704645_17318.png,airplane
n02691156_5731.png,airplane
cifar10-test-602.png,airplane
n03595860_1050.png,airplane
n03577672_2189.png,airplane
cifar10-train-36470.png,airplane
n03596543_1002.png,airplane
n03577672_12694.png,airplane
n03335030_14706.png,airplane
n03595860_3261.png,airplane
cifar10-test-7449.png,airplane
n03577672_21491.png,airplane
n04222723_7921.png,airplane
n04012482_6005.png,airplane
n03809312_1939.png,airplane
n02690373_1390.png,airplane
n02704645_401.png,airplane
cifar10-test-3429.png,airplane
n03577672_166.png,airplane
n03577672_12460.png,airplane
n04222723_7751.png,airplane
n03596543_6860.png,airplane
n03365231_6638.png,airplane
n04583620_2874.png,airplane
n03596543_2176.png,airplane
n03596543_7192.png,airplane
n04160586_986.png,airplane
n02691156_20922.png,airplane
n02690373_6363.png,airplane
n03365231_3432.png,airplane
n02690373_2993.png,airplane
n02867715_3026.png,airplane
n02704645_2743.png,airplane
n04160586_4326.png,airplane
n03335030_29612.png,airplane
n02686121_2991.png,airplane
cifar10-test-8061.png,airplane
n02842573_1957.png,airplane
cifar10-train-23781.png,airplane
cifar10-test-8894.png,airplane
n03577672_20419.png,airplane
n02704645_8888.png,airplane
n04308273_3048.png,airplane
n02691156_4240.png,airplane
n04308397_3286.png,airplane
n04222723_6754.png,airplane
n02690373_8304.png,airplane
n03604311_7733.png,airplane
cifar10-test-4854.png,airplane
cifar10-test-9577.png,airplane
cifar10-train-4726.png,airplane
cifar10-train-35490.png,airplane
n04012482_15320.png,airplane
n03365231_5384.png,airplane
cifar10-train-23738.png,airplane
cifar10-test-447.png,airplane
n03596543_4752.png,airplane
n02704645_18681.png,airplane
n03365231_2035.png,airplane
n03604311_751.png,airplane
n03798610_1094.png,airplane
n02867715_18678.png,airplane
cifar10-train-29341.png,airplane
n03596543_5697.png,airplane
n03335030_19870.png,airplane
cifar10-test-1573.png,airplane
n02704645_5490.png,airplane
cifar10-test-2041.png,airplane
n02704645_13552.png,airplane
cifar10-test-6996.png,airplane
n04583620_7802.png,airplane
cifar10-test-3782.png,airplane
n02686121_2481.png,airplane
cifar10-test-2079.png,airplane
n02842573_5813.png,airplane
n03798610_1770.png,airplane
n03595860_16651.png,airplane
n03604311_511.png,airplane
cifar10-train-6242.png,airplane
cifar10-test-6057.png,airplane
n04160586_18035.png,airplane
cifar10-test-2040.png,airplane
n02686121_13596.png,airplane
cifar10-test-235.png,airplane
cifar10-test-8961.png,airplane
cifar10-test-3672.png,airplane
n02704645_16657.png,airplane
n04583620_4262.png,airplane
n03604311_1718.png,airplane
n02690373_2933.png,airplane
n03604311_8405.png,airplane
cifar10-test-8024.png,airplane
n03365231_6335.png,airplane
cifar10-test-4355.png,airplane
cifar10-test-5357.png,airplane
n04012482_4383.png,airplane
n02704645_13156.png,airplane
n03215191_8176.png,airplane
n02686121_3789.png,airplane
n04308397_4640.png,airplane
cifar10-test-3117.png,airplane
cifar10-train-14450.png,airplane
cifar10-train-27147.png,airplane
cifar10-train-39875.png,airplane
n02690373_7338.png,airplane
cifar10-train-9714.png,airplane
cifar10-train-28515.png,airplane
n04222723_8751.png,airplane
n03809312_2138.png,airplane
n02704645_17772.png,airplane
n02690373_466.png,airplane
cifar10-train-31970.png,airplane
cifar10-train-19332.png,airplane
n02690373_4565.png,airplane
n04160586_26641.png,airplane
n02691156_5952.png,airplane
n04160586_7632.png,airplane
cifar10-test-8572.png,airplane
n02690373_1506.png,airplane
n03365231_1720.png,airplane
cifar10-train-39026.png,airplane
cifar10-test-5036.png,airplane
n03596543_1651.png,airplane
n02686121_6602.png,airplane
n03798610_1058.png,airplane
n03373611_7536.png,airplane
n03335030_53627.png,airplane
n04012084_2595.png,airplane
n03321419_21585.png,airplane
n02691156_48956.png,airplane
n02704645_18812.png,airplane
n02686121_1908.png,airplane
n04012084_1947.png,airplane
n03321419_13803.png,airplane
n03596543_1332.png,airplane
n02691156_10193.png,airplane
n03335030_6141.png,airplane
n04222723_7310.png,airplane
n03215191_5822.png,airplane
n02691156_8335.png,airplane
cifar10-train-30426.png,airplane
n02867715_9664.png,airplane
n02686121_314.png,airplane
n03577672_8526.png,airplane
cifar10-train-4079.png,airplane
n04160586_3441.png,airplane
n04160586_5292.png,airplane
n03335030_26478.png,airplane
n02842573_3691.png,airplane
cifar10-test-847.png,airplane
n03335030_24208.png,airplane
cifar10-train-15255.png,airplane
n03595860_15800.png,airplane
n03595860_15381.png,airplane
cifar10-train-15466.png,airplane
cifar10-train-4141.png,airplane
n02686121_1026.png,airplane
n03809312_3902.png,airplane
n02867715_15368.png,airplane
n04012084_8025.png,airplane
n03596543_987.png,airplane
n03596543_2822.png,airplane
n03604311_5863.png,airplane
n04230487_570.png,airplane
n04583620_132.png,airplane
n02686121_9.png,airplane
n04583620_9403.png,airplane
cifar10-test-5891.png,airplane
n03595860_13774.png,airplane
n04230487_2961.png,airplane
n02842573_8608.png,airplane
n03373611_13239.png,airplane
n03604311_3552.png,airplane
n02686121_2766.png,airplane
n03809312_4484.png,airplane
cifar10-train-37806.png,airplane
n03604311_352.png,airplane
n02691156_10435.png,airplane
n03809312_2265.png,airplane
n04160586_26188.png,airplane
cifar10-train-7537.png,airplane
n02691156_6784.png,airplane
cifar10-test-98.png,airplane
n04012084_9915.png,airplane
n02704645_13989.png,airplane
n03373611_57.png,airplane
n04583620_9646.png,airplane
n04012482_4521.png,airplane
n02842573_3332.png,airplane
cifar10-test-822.png,airplane
n04308273_3476.png,airplane
n02704645_7433.png,airplane
n04222723_8341.png,airplane
cifar10-test-4194.png,airplane
cifar10-test-6306.png,airplane
n02842573_10034.png,airplane
n03596543_2765.png,airplane
n04160586_2364.png,airplane
n03596543_6346.png,airplane
n04012084_3368.png,airplane
n03100240_15051.png,airplane
n03079136_11283.png,airplane
n03594945_642.png,airplane
n04037443_33992.png,airplane
n04322801_8029.png,airplane
n03079136_8309.png,airplane
cifar10-test-8123.png,airplane
n03543394_1773.png,airplane
n02930766_29059.png,airplane
n03594945_5480.png,airplane
n03079136_19847.png,airplane
n03594945_32465.png,airplane
n04097373_1750.png,airplane
n04201733_4902.png,airplane
n02814533_56686.png,airplane
n04037443_28349.png,airplane
n03268790_17398.png,airplane
n02814533_19816.png,airplane
n03594945_7294.png,airplane
cifar10-train-48917.png,airplane
n04037443_14143.png,airplane
n03141065_22820.png,airplane
n04201733_375.png,airplane
n04166281_7051.png,airplane
cifar10-train-15286.png,airplane
n03594945_4117.png,airplane
cifar10-train-4299.png,airplane
n03498781_2032.png,airplane
n03770679_10935.png,airplane
n03100240_16203.png,airplane
n03777568_6575.png,airplane
n04201733_4144.png,airplane
cifar10-test-7243.png,airplane
n04285965_7183.png,airplane
n02701002_1565.png,automobile
n04037443_17929.png,automobile
n04285965_17560.png,automobile
n02701002_4433.png,automobile
n04516354_4573.png,automobile
n04201733_3999.png,automobile
n04516354_5237.png,automobile
n02930766_23561.png,automobile
n02814533_44901.png,automobile
n04037443_8665.png,automobile
n03543394_13731.png,automobile
n03404012_1177.png,automobile
n03079136_11162.png,automobile
n02958343_9729.png,automobile
n02958343_12752.png,automobile
n03870105_494.png,automobile
n03079136_15131.png,automobile
n03881534_5968.png,automobile
n02701002_11802.png,automobile
cifar10-test-3987.png,automobile
n02814533_54380.png,automobile
cifar10-train-1747.png,automobile
n03421669_175.png,automobile
n02701002_4252.png,automobile
n04166281_146.png,automobile
n02814533_18340.png,automobile
n03100240_8196.png,automobile
n03421669_2040.png,automobile
n02814533_75173.png,automobile
n04285008_7647.png,automobile
n04347119_3306.png,automobile
n04285008_7776.png,automobile
n03670208_13632.png,automobile
n03670208_12822.png,automobile
cifar10-train-23280.png,automobile
n02814533_45060.png,automobile
n03079136_10368.png,automobile
n04285008_7866.png,automobile
n04322801_5933.png,automobile
n04302988_1198.png,automobile
n02930766_14289.png,automobile
n03594945_4464.png,automobile
n04322801_5155.png,automobile
cifar10-test-1013.png,automobile
n04285965_5427.png,automobile
cifar10-train-22048.png,automobile
n04285965_8869.png,automobile
n03268790_6353.png,automobile
n03680512_8647.png,automobile
n02831335_13533.png,automobile
cifar10-train-49748.png,automobile
n04166281_12831.png,automobile
n04285008_7704.png,automobile
n03770679_7325.png,automobile
n02814533_23796.png,automobile
n03119396_370.png,automobile
n03498781_937.png,automobile
n04037443_4443.png,automobile
n04166281_21047.png,automobile
n02930766_1112.png,automobile
cifar10-test-8764.png,automobile
n03594945_16311.png,automobile
cifar10-test-1747.png,automobile
n02958343_11739.png,automobile
n04347119_3076.png,automobile
n03543394_2054.png,automobile
n04037443_1606.png,automobile
n04097373_4888.png,automobile
n04037443_475.png,automobile
n03870105_5055.png,automobile
n02958343_8068.png,automobile
n03100240_6735.png,automobile
cifar10-test-1564.png,automobile
n04516354_8392.png,automobile
n03881534_1235.png,automobile
n04322801_1442.png,automobile
n04037443_22162.png,automobile
n02930766_26803.png,automobile
n03079136_8200.png,automobile
n04097373_8771.png,automobile
n02958343_81582.png,automobile
cifar10-test-3239.png,automobile
n02831335_16464.png,automobile
n03119396_5802.png,automobile
n04285008_14972.png,automobile
n04322801_2728.png,automobile
cifar10-test-9016.png,automobile
n03670208_3570.png,automobile
n04166281_3308.png,automobile
n04166281_6591.png,automobile
n02814533_3523.png,automobile
n03498781_1449.png,automobile
n02958343_10259.png,automobile
n04166281_7216.png,automobile
cifar10-train-30714.png,automobile
n03100240_11978.png,automobile
n04516354_4022.png,automobile
n04302988_271.png,automobile
n04285965_12232.png,automobile
n03594945_13232.png,automobile
n03670208_12426.png,automobile
n04201733_5925.png,automobile
n04166281_2442.png,automobile
n03594945_12191.png,automobile
n02701002_5586.png,automobile
n02701002_2338.png,automobile
cifar10-test-9645.png,automobile
n04166281_1984.png,automobile
cifar10-test-6159.png,automobile
n04201733_14292.png,automobile
cifar10-train-24137.png,automobile
cifar10-train-46956.png,automobile
n03680512_10608.png,automobile
n03670208_11548.png,automobile
n02831335_17431.png,automobile
n03498781_3313.png,automobile
n02930766_27530.png,automobile
n03670208_710.png,automobile
n03670208_12641.png,automobile
n03141065_27977.png,automobile
cifar10-test-7840.png,automobile
n04516354_1071.png,automobile
cifar10-test-9542.png,automobile
n03141065_18368.png,automobile
n02814533_13947.png,automobile
cifar10-test-953.png,automobile
cifar10-train-36935.png,automobile
n03777568_6543.png,automobile
cifar10-train-427.png,automobile
n04516354_4208.png,automobile
n04166281_21802.png,automobile
cifar10-test-1232.png,automobile
n03770679_16691.png,automobile
n03100240_16072.png,automobile
cifar10-train-17479.png,automobile
n02958343_7004.png,automobile
n04302988_3893.png,automobile
cifar10-train-33847.png,automobile
cifar10-test-3520.png,automobile
n03594945_7235.png,automobile
n03141065_25977.png,automobile
n03770679_10573.png,automobile
n02831335_6400.png,automobile
n03594945_30197.png,automobile
n04322801_985.png,automobile
n04037443_25543.png,automobile
n04285965_9457.png,automobile
n03141065_8929.png,automobile
n03670208_8563.png,automobile
n04037443_32918.png,automobile
cifar10-test-7634.png,automobile
n03543394_10717.png,automobile
cifar10-train-38744.png,automobile
n03268790_16424.png,automobile
n02701002_2980.png,automobile
n03268790_998.png,automobile
cifar10-train-32235.png,automobile
n02701002_3694.png,automobile
n02930766_4491.png,automobile
n03079136_15183.png,automobile
n03777568_4904.png,automobile
n03141065_6662.png,automobile
n02831335_19742.png,automobile
n04166281_22040.png,automobile
n02930766_19979.png,automobile
n03770679_9973.png,automobile
cifar10-test-1098.png,automobile
n03770679_12820.png,automobile
n04285965_1738.png,automobile
n04166281_23202.png,automobile
n03594945_8928.png,automobile
n03119396_1313.png,automobile
n04285008_8951.png,automobile
n03594945_7921.png,automobile
cifar10-test-6995.png,automobile
n03680512_9967.png,automobile
n04516354_3296.png,automobile
n03119396_4351.png,automobile
cifar10-train-38571.png,automobile
n03421669_2712.png,automobile
n03498781_6291.png,automobile
n03770085_5318.png,automobile
n03119396_1407.png,automobile
n04201733_9507.png,automobile
cifar10-train-2752.png,automobile
n03268790_17418.png,automobile
n03870105_4407.png,automobile
n04285008_628.png,automobile
n04347119_2359.png,automobile
n02831335_17451.png,automobile
n03670208_8653.png,automobile
n03770679_8707.png,automobile
n03119396_9119.png,automobile
n04322801_698.png,automobile
n03770679_1096.png,automobile
n03594945_13599.png,automobile
n03670208_2116.png,automobile
n04285008_9527.png,automobile
n03870105_3372.png,automobile
n04201733_20443.png,automobile
n03498781_8330.png,automobile
cifar10-train-20988.png,automobile
n04516354_3259.png,automobile
n04322801_2908.png,automobile
n04201733_16417.png,automobile
n03493219_6866.png,automobile
n03498781_457.png,automobile
n03119396_1249.png,automobile
n03777568_5967.png,automobile
n04322801_7813.png,automobile
cifar10-train-28559.png,automobile
n04285965_9855.png,automobile
cifar10-test-3370.png,automobile
cifar10-train-42498.png,automobile
cifar10-train-29176.png,automobile
n03543394_2164.png,automobile
n02958343_12067.png,automobile
cifar10-train-19490.png,automobile
n03421669_763.png,automobile
n03268790_9891.png,automobile
cifar10-train-21429.png,automobile
n03594945_7498.png,automobile
cifar10-train-23897.png,automobile
n02814533_35760.png,automobile
cifar10-test-5396.png,automobile
n03100240_14785.png,automobile
cifar10-test-9197.png,automobile
cifar10-test-4371.png,automobile
n03777568_3537.png,automobile
cifar10-train-25842.png,automobile
n04322801_9158.png,automobile
n02814533_40679.png,automobile
n03498781_2693.png,automobile
n02930766_17031.png,automobile
cifar10-train-41147.png,automobile
cifar10-train-5811.png,automobile
n03498781_9490.png,automobile
cifar10-test-8049.png,automobile
cifar10-train-10902.png,automobile
cifar10-train-28381.png,automobile
cifar10-train-29252.png,automobile
n04516354_428.png,automobile
n03770085_4580.png,automobile
cifar10-test-1054.png,automobile
n03777568_8203.png,automobile
n02930766_21663.png,automobile
n04201733_17413.png,automobile
n02958343_13422.png,automobile
n04166281_22461.png,automobile
n04037443_25391.png,automobile
n02958343_49592.png,automobile
cifar10-train-45370.png,automobile
n02958343_22852.png,automobile
n04201733_11117.png,automobile
n04201733_4260.png,automobile
n03539103_2850.png,automobile
n03770085_5259.png,automobile
n03100240_961.png,automobile
n03268790_4118.png,automobile
cifar10-test-9797.png,automobile
n04166281_14423.png,automobile
n03670208_3838.png,automobile
n03100240_15434.png,automobile
n03594945_15162.png,automobile
n02958343_73218.png,automobile
cifar10-test-1850.png,automobile
n04201733_1526.png,automobile
n03100240_5883.png,automobile
n03268790_8098.png,automobile
n03404012_1142.png,automobile
n04037443_6147.png,automobile
cifar10-train-18698.png,automobile
n03498781_1497.png,automobile
n03770085_530.png,automobile
n03404012_1645.png,automobile
n03100240_4401.png,automobile
n03770085_3353.png,automobile
n03770679_12904.png,automobile
n03870105_3994.png,automobile
cifar10-train-4458.png,automobile
n04322801_11628.png,automobile
cifar10-test-4973.png,automobile
cifar10-test-1907.png,automobile
n03079136_16172.png,automobile
n03770679_12176.png,automobile
n03141065_23227.png,automobile
n03421669_3168.png,automobile
n03870105_1087.png,automobile
cifar10-train-2143.png,automobile
n02831335_8410.png,automobile
n04322801_7522.png,automobile
n04285008_15027.png,automobile
n03594945_12103.png,automobile
n02930766_526.png,automobile
n02814533_76.png,automobile
n02930766_19087.png,automobile
n04097373_5088.png,automobile
n04302988_1977.png,automobile
n03870105_4309.png,automobile
n03770679_32785.png,automobile
n03777568_312.png,automobile
cifar10-test-4288.png,automobile
cifar10-train-45714.png,automobile
n03770679_14158.png,automobile
n04201733_15405.png,automobile
n03498781_86.png,automobile
n04285965_6883.png,automobile
cifar10-test-2636.png,automobile
n03119396_7128.png,automobile
n03141065_11575.png,automobile
cifar10-train-19031.png,automobile
cifar10-test-801.png,automobile
n03421669_1447.png,automobile
cifar10-test-4206.png,automobile
n04097373_26080.png,automobile
n03594945_25618.png,automobile
n03594945_9452.png,automobile
n03421669_2588.png,automobile
n03539103_232.png,automobile
cifar10-test-2000.png,automobile
cifar10-test-5307.png,automobile
n03268790_2736.png,automobile
n04037443_5216.png,automobile
n04322801_1530.png,automobile
n03870105_5802.png,automobile
cifar10-test-3215.png,automobile
n04097373_7858.png,automobile
cifar10-test-8712.png,automobile
n03594945_8940.png,automobile
cifar10-test-6566.png,automobile
n03680512_774.png,automobile
n03141065_17735.png,automobile
n03594945_22803.png,automobile
n02701002_10937.png,automobile
n03100240_12707.png,automobile
n03119396_3911.png,automobile
n03770085_2503.png,automobile
cifar10-train-37153.png,automobile
cifar10-train-49562.png,automobile
n03670208_11501.png,automobile
n03141065_31215.png,automobile
n04516354_908.png,automobile
cifar10-test-2334.png,automobile
cifar10-train-43847.png,automobile
n04201733_11360.png,automobile
n04037443_20819.png,automobile
n03119396_3581.png,automobile
n03670208_12792.png,automobile
n02958343_349.png,automobile
n03680512_4134.png,automobile
n03268790_156.png,automobile
n03498781_9133.png,automobile
n02814533_2964.png,automobile
n03594945_10688.png,automobile
n03079136_11102.png,automobile
n02958343_939.png,automobile
n04037443_10869.png,automobile
n04516354_6386.png,automobile
n02831335_15121.png,automobile
n02831335_17383.png,automobile
n04166281_6615.png,automobile
cifar10-train-42221.png,automobile
n03594945_7652.png,automobile
n04201733_14032.png,automobile
cifar10-test-8772.png,automobile
n03100240_6040.png,automobile
n03770085_2406.png,automobile
n04285965_16779.png,automobile
n04322801_7208.png,automobile
n04459122_81.png,automobile
n03680512_8517.png,automobile
n03680512_648.png,automobile
n03079136_16333.png,automobile
n03543394_10983.png,automobile
cifar10-test-895.png,automobile
n03770085_3871.png,automobile
n03594945_8236.png,automobile
n02701002_9663.png,automobile
n03342961_5758.png,automobile
cifar10-train-45105.png,automobile
n04285008_13085.png,automobile
cifar10-test-369.png,automobile
n02831335_15784.png,automobile
n03268790_4084.png,automobile
cifar10-test-3942.png,airplane
n04285965_13747.png,airplane
cifar10-test-987.png,airplane
n02958343_64563.png,airplane
cifar10-test-7936.png,airplane
n04285008_1949.png,airplane
cifar10-test-9178.png,airplane
n03670208_410.png,airplane
n04285008_3095.png,airplane
n03100240_16061.png,airplane
n04285965_19446.png,airplane
n04285965_13018.png,airplane
n02958343_4726.png,airplane
n03670208_23631.png,airplane
n03079136_17985.png,airplane
n02701002_2194.png,airplane
n04285965_12417.png,airplane
n02930766_657.png,airplane
n02930766_22008.png,airplane
n04347119_318.png,airplane
n03543394_522.png,airplane
cifar10-train-34809.png,airplane
cifar10-train-43297.png,airplane
n03770085_2566.png,airplane
n04201733_20538.png,airplane
cifar10-test-6759.png,airplane
cifar10-train-41010.png,airplane
n04322801_1155.png,airplane
n03777568_6926.png,airplane
n02958343_13634.png,airplane
n03268790_4261.png,airplane
cifar10-train-14470.png,airplane
n03770679_21704.png,airplane
n03493219_5856.png,airplane
n03421669_2005.png,airplane
n04322801_4437.png,airplane
cifar10-train-36237.png,airplane
n03119396_3121.png,airplane
n02831335_18328.png,airplane
n04322801_5528.png,airplane
n02831335_14668.png,airplane
n04201733_15246.png,airplane
n04322801_257.png,airplane
n02814533_74338.png,airplane
n03268790_4200.png,airplane
n04516354_1394.png,airplane
n04097373_6510.png,airplane
n03770679_8879.png,airplane
n04516354_3744.png,airplane
n02814533_2355.png,airplane
n03268790_6218.png,airplane
n02958343_11665.png,airplane
cifar10-test-6150.png,airplane
cifar10-test-753.png,airplane
n03493219_1783.png,airplane
n03141065_13912.png,airplane
n03777568_1976.png,airplane
n04516354_1590.png,airplane
cifar10-test-1270.png,airplane
n04347119_372.png,airplane
cifar10-train-47535.png,airplane
n04201733_4288.png,airplane
n03594945_16660.png,airplane
cifar10-test-4893.png,airplane
n03141065_9641.png,airplane
n03870105_2615.png,airplane
cifar10-train-43684.png,airplane
n03543394_4880.png,airplane
n03680512_5657.png,airplane
n02013706_973.png,airplane
cifar10-test-3193.png,airplane
cifar10-test-7049.png,airplane
cifar10-test-5385.png,airplane
n01856155_3337.png,airplane
n01518878_5640.png,airplane
cifar10-train-4052.png,airplane
n01534582_8186.png,airplane
n01607812_4338.png,airplane
n01625562_3605.png,airplane
cifar10-train-9137.png,airplane
n01563128_439.png,airplane
n01607600_1435.png,airplane
n01812337_351.png,airplane
n01620414_9448.png,airplane
n01806364_1392.png,airplane
n01554448_3488.png,airplane
n01853195_7749.png,airplane
n01830915_4641.png,airplane
cifar10-test-9783.png,airplane
n02007558_10312.png,airplane
cifar10-test-1450.png,airplane
cifar10-train-17955.png,airplane
n01607429_22.png,airplane
n01620735_1861.png,airplane
n01838598_13681.png,airplane
cifar10-test-3085.png,airplane
n01563449_1081.png,airplane
n02060889_3056.png,airplane
cifar10-test-6720.png,airplane
n01581984_1664.png,airplane
n01533893_5852.png,airplane
n01594968_2595.png,airplane
cifar10-test-7425.png,airplane
n01817346_14272.png,airplane
n01795088_269.png,airplane
n01823740_200.png,airplane
n01577035_5376.png,airplane
n02021050_2.png,airplane
n01519563_7321.png,airplane
n01575745_7651.png,airplane
n01857325_3659.png,airplane
n01793340_7285.png,airplane
n01599269_4927.png,airplane
n01585715_1754.png,airplane
n02027357_4218.png,airplane
n01857512_1085.png,airplane
n01608814_1576.png,airplane
n02023992_5302.png,airplane
cifar10-train-48321.png,airplane
cifar10-test-4208.png,airplane
n01592540_735.png,airplane
n01859325_11878.png,airplane
n01582856_4023.png,airplane
cifar10-train-32582.png,airplane
n02012185_3968.png,airplane
cifar10-train-35360.png,airplane
cifar10-test-8853.png,airplane
n01525720_1825.png,airplane
n02017725_2328.png,deer
cifar10-train-25174.png,deer
n01603812_745.png,deer
n02032480_7351.png,deer
n01587834_6081.png,deer
n01582856_4816.png,deer
n01596608_2030.png,deer
n01595624_2002.png,deer
cifar10-test-1758.png,deer
n01542168_1350.png,deer
n02023992_2444.png,deer
n01541386_7474.png,deer
n01533893_6206.png,deer
n01577035_3135.png,deer
cifar10-test-7019.png,deer
n01536035_879.png,deer
n01572489_9175.png,deer
n02030837_1461.png,deer
n01854700_1211.png,deer
cifar10-train-17883.png,deer
n01849466_4658.png,deer
n02050586_182.png,deer
cifar10-train-11241.png,deer
n02021795_1047.png,deer
cifar10-test-1656.png,deer
n01806143_2824.png,deer
n01540832_4419.png,deer
n02008497_2023.png,deer
cifar10-train-48531.png,deer
n01503976_10976.png,deer
n01840120_2528.png,deer
n01580870_11664.png,deer
cifar10-train-22373.png,deer
n01592387_9977.png,deer
cifar10-test-9070.png,deer
n01558307_10977.png,deer
n01851731_7064.png,deer
n01613294_3737.png,deer
n02028900_3058.png,deer
n01820546_6966.png,deer
n01538955_2628.png,deer
n01539925_20157.png,deer
n01618082_5507.png,deer
n01530575_6513.png,deer
n02008497_1774.png,deer
n01585121_2270.png,deer
n02016816_9960.png,deer
cifar10-train-29636.png,deer
cifar10-test-7812.png,deer
n01592387_1764.png,deer
n01540233_2758.png,deer
n02050586_4706.png,deer
n01820546_6713.png,deer
n02015554_1241.png,deer
n01526766_2020.png,deer
n01585287_1993.png,deer
cifar10-test-8480.png,deer
n01818832_6878.png,deer
n01592694_173.png,deer
cifar10-test-6121.png,deer
n01821869_27256.png,deer
n02003577_2157.png,deer
n01818515_7512.png,deer
n01598588_85.png,deer
n02018368_3771.png,bird
n02056228_6546.png,bird
n01555809_11020.png,bird
n01826680_3404.png,bird
cifar10-test-6073.png,bird
n01558149_14488.png,bird
n01538059_1122.png,bird
n02032480_4093.png,bird
n02036053_10116.png,bird
n01591123_427.png,bird
n01560419_655.png,bird
cifar10-test-7902.png,bird
n01620414_179.png,bird
n01558149_5707.png,bird
cifar10-train-49268.png,bird
n01560419_8333.png,bird
cifar10-train-13362.png,bird
n01852671_3666.png,bird
cifar10-train-9455.png,bird
n01839750_7448.png,bird
cifar10-train-11915.png,bird
n01526521_56.png,bird
n01531971_3597.png,bird
cifar10-test-5492.png,bird
n01528396_4154.png,bird
n01610226_154.png,bird
n02003839_3878.png,bird
n02027897_702.png,bird
n01849466_5801.png,bird
cifar10-test-6457.png,bird
n01597906_635.png,bird
n01606522_1628.png,bird
n01819115_12154.png,bird
n01828556_5873.png,bird
cifar10-train-44038.png,bird
n01535140_309.png,bird
n01606522_12033.png,bird
n02008796_13765.png,bird
n01853870_5501.png,bird
n02050442_4874.png,bird
n02008643_9.png,bird
n02007284_4918.png,bird
n01792640_12254.png,bird
n02008643_5730.png,bird
n01844746_2693.png,bird
n01612628_5390.png,bird
n01538059_5226.png,bird
cifar10-train-45079.png,bird
n01820052_6898.png,bird
n01848976_8970.png,bird
n01572782_3034.png,bird
n01563449_1007.png,bird
n01581166_17689.png,bird
n01591123_256.png,bird
n01548301_6601.png,bird
n01821869_1380.png,bird
n01858906_11030.png,bird
n02006364_4108.png,bird
n01596273_762.png,bird
n01603812_2515.png,bird
n01594004_7241.png,bird
cifar10-train-29912.png,bird
n01846331_1245.png,bird
n01814549_6744.png,bird
n01594787_8856.png,bird
n01624115_5500.png,bird
cifar10-test-873.png,bird
n01855476_4604.png,bird
n02050809_5944.png,bird
n01833805_10605.png,bird
n01811243_7315.png,bird
cifar10-train-32153.png,bird
n01612275_10999.png,bird
cifar10-train-27746.png,bird
n01581874_2036.png,bird
n01611800_9290.png,bird
n01590220_641.png,bird
n01572328_5026.png,bird
n01608432_13848.png,bird
cifar10-test-6427.png,bird
n01558461_145.png,bird
n02033208_6189.png,bird
n01842504_3322.png,bird
n02005790_7527.png,bird
cifar10-test-1587.png,bird
n02032355_1295.png,bird
n01542786_227.png,bird
n02050809_4055.png,bird
n01844231_5518.png,bird
cifar10-train-37766.png,bird
n01844917_6549.png,bird
cifar10-test-7858.png,bird
n01827793_5398.png,bird
n02022684_3442.png,bird
cifar10-test-9341.png,bird
n01557962_5460.png,bird
n01623110_2394.png,bird
n01835769_260.png,bird
n02027897_844.png,bird
n01614343_10462.png,bird
n02027492_8246.png,bird
n01547832_12380.png,bird
n01850373_9061.png,bird
cifar10-train-17693.png,bird
n02044778_631.png,bird
n01840412_7309.png,bird
cifar10-test-5739.png,bird
cifar10-test-9168.png,bird
n01574560_965.png,bird
n01565930_2130.png,bird
cifar10-train-27587.png,bird
cifar10-train-196.png,bird
n01792042_5848.png,bird
n02004492_4020.png,bird
n01560280_904.png,bird
cifar10-test-8062.png,bird
cifar10-train-33616.png,bird
n02003204_2174.png,bird
n01620414_1801.png,bird
n01549886_2825.png,bird
n01541102_146.png,bird
n01592387_1666.png,bird
n02005790_1924.png,bird
n01834540_5241.png,bird
cifar10-test-7216.png,bird
n02053083_1050.png,bird
cifar10-train-31773.png,bird
cifar10-test-900.png,bird
n02047614_9447.png,bird
n01818299_8170.png,bird
n01606809_4981.png,bird
cifar10-test-9033.png,bird
cifar10-test-7395.png,bird
n01579260_18700.png,bird
n01540832_5123.png,bird
n02002556_763.png,bird
n01814217_5413.png,bird
n02019929_5045.png,bird
n01622959_1694.png,bird
cifar10-test-450.png,bird
n01594968_2161.png,bird
n01597336_8572.png,bird
n01536334_8791.png,bird
n01809106_3545.png,bird
n01849466_7443.png,bird
cifar10-test-9917.png,bird
n01600657_4412.png,bird
cifar10-train-44739.png,bird
n01574045_11753.png,bird
n01583209_2767.png,bird
n01850192_10294.png,bird
cifar10-train-44113.png,bird
n01532829_242.png,bird
n01537895_2945.png,bird
n01594968_2623.png,bird
n02057330_5875.png,bird
n01533481_4049.png,bird
n01607812_6517.png,bird
n01856072_5293.png,bird
n02032355_2946.png,bird
cifar10-test-758.png,bird
cifar10-test-6708.png,bird
n01597737_10968.png,bird
n01592387_6896.png,bird
n01549886_7495.png,bird
cifar10-train-39834.png,bird
n01806567_2496.png,bird
cifar10-train-12387.png,bird
n02047614_3541.png,bird
n01558993_8838.png,bird
n02028451_4341.png,bird
n01597336_815.png,bird
n01533339_11387.png,bird
n01573627_3150.png,bird
n01789740_3075.png,bird
cifar10-test-592.png,bird
n01578180_7953.png,bird
n01528654_16686.png,bird
n01581984_113.png,bird
n01538955_55.png,bird
n01849676_1206.png,bird
n01853195_1922.png,bird
n02028727_7220.png,bird
n01560280_5405.png,bird
cifar10-test-1888.png,bird
n01584853_1045.png,bird
n01541386_6402.png,bird
n01797886_16230.png,bird
n01829413_2071.png,bird
cifar10-test-4995.png,bird
n01819313_3002.png,bird
n01600657_12998.png,bird
n01592257_7527.png,bird
n02042180_14584.png,bird
cifar10-train-7521.png,bird
cifar10-train-16439.png,bird
n01790711_2694.png,bird
n01598588_10319.png,bird
n02032222_4251.png,bird
n02050313_8243.png,bird
n02019190_3073.png,bird
n02027492_2930.png,bird
n01615303_1732.png,bird
cifar10-train-30628.png,bird
cifar10-train-16786.png,bird
cifar10-test-424.png,bird
n02002724_2583.png,bird
n01615121_4450.png,bird
n01569566_356.png,bird
cifar10-test-7206.png,bird
n01858845_18812.png,bird
n02004855_2040.png,bird
n01810268_3917.png,bird
n01852671_6939.png,bird
cifar10-test-9548.png,bird
n01828970_5640.png,bird
n01820546_6649.png,bird
n02003037_7105.png,bird
n01535690_5474.png,bird
cifar10-train-48739.png,bird
n01563746_4386.png,bird
n01538200_8167.png,bird
n02023855_3862.png,bird
n02034129_1800.png,bird
n01589286_14208.png,bird
n01851207_10505.png,bird
cifar10-test-6922.png,bird
n02018368_719.png,bird
n01854838_4882.png,bird
n01839598_1098.png,bird
n02027357_3789.png,bird
n01830042_1890.png,bird
n01564914_4903.png,bird
n01806297_4853.png,bird
n01574045_148.png,bird
n01609751_13587.png,bird
n01616086_6819.png,bird
n01623425_4902.png,bird
n01830042_2817.png,bird
n02028900_7238.png,bird
n01563945_8362.png,bird
cifar10-train-11789.png,bird
n01529672_870.png,bird
n01576695_12634.png,bird
n01519873_1798.png,bird
n02008041_3476.png,bird
cifar10-train-40231.png,bird
n01559477_3560.png,bird
n01530575_10003.png,bird
n01623615_3880.png,bird
n01859190_6193.png,bird
cifar10-train-35871.png,bird
n01536644_2170.png,bird
n01611472_1670.png,bird
n01813385_1347.png,bird
cifar10-test-725.png,bird
n02022684_4210.png,deer
n01579149_3908.png,deer
n01851731_3844.png,deer
n02008041_8602.png,deer
cifar10-train-8967.png,deer
n02029706_3602.png,deer
n01595974_12992.png,deer
cifar10-train-49721.png,deer
cifar10-train-40115.png,deer
cifar10-train-42542.png,deer
n02015357_1319.png,deer
n01843383_12374.png,deer
n01827403_6647.png,deer
n01521756_12896.png,deer
n01830042_391.png,deer
n01822300_2471.png,deer
cifar10-test-3167.png,deer
n01573240_2388.png,deer
n01544389_218.png,deer
n02016816_1284.png,deer
n01832493_4769.png,deer
n01610955_3729.png,deer
n01823740_534.png,deer
n02044178_6185.png,deer
n01846331_9019.png,deer
n01560793_3711.png,deer
n01567879_1539.png,deer
cifar10-train-10280.png,deer
n01613807_5355.png,deer
n01564773_6887.png,deer
cifar10-test-2746.png,deer
n01805801_711.png,deer
cifar10-test-2332.png,deer
n01575401_10743.png,deer
n02048353_700.png,deer
cifar10-train-21824.png,deer
cifar10-test-7829.png,deer
n01807496_12474.png,deer
n01562265_7730.png,deer
n01544704_3481.png,deer
n01527617_5019.png,deer
n02008796_13496.png,deer
n02053425_12717.png,deer
cifar10-test-3989.png,deer
cifar10-test-8610.png,deer
n02010453_7498.png,deer
n01607600_810.png,deer
n01536780_718.png,deer
cifar10-train-47452.png,deer
cifar10-train-30887.png,deer
cifar10-test-3771.png,deer
n01817346_6769.png,deer
n01858845_6845.png,deer
n01793249_125.png,deer
n01599556_417.png,deer
n01844551_8709.png,deer
n02028035_6491.png,deer
n01596273_5667.png,deer
n01828096_1115.png,deer
n01614038_11567.png,deer
cifar10-train-26750.png,deer
n01594968_2866.png,deer
n02057731_3977.png,deer
n01563746_5672.png,deer
n01609062_555.png,airplane
cifar10-train-14360.png,airplane
n02056570_7306.png,airplane
n02052775_1177.png,airplane
n01536780_1554.png,airplane
n02019929_8807.png,airplane
n01579028_10925.png,airplane
cifar10-test-7930.png,airplane
n01572782_3920.png,airplane
n01828556_6855.png,airplane
n01615121_6602.png,airplane
n01622483_5500.png,airplane
cifar10-train-32151.png,airplane
n01558993_7694.png,airplane
cifar10-test-5522.png,airplane
n01585121_691.png,airplane
n02028451_914.png,airplane
cifar10-test-6652.png,airplane
cifar10-train-12043.png,airplane
n02008497_705.png,airplane
n01826680_3008.png,airplane
n01803893_4340.png,airplane
n01581874_3620.png,airplane
n01586020_7119.png,airplane
n01591123_3910.png,airplane
cifar10-train-2387.png,airplane
n01592694_11244.png,airplane
n01568294_3664.png,airplane
n02031298_5604.png,airplane
n01789740_9844.png,airplane
n01587526_8414.png,airplane
n01624212_560.png,airplane
cifar10-train-35259.png,airplane
n01539573_1638.png,airplane
n01543632_8787.png,airplane
n01794158_17160.png,airplane
n01834540_922.png,airplane
cifar10-train-18650.png,airplane
n02060411_1221.png,airplane
n01820348_7203.png,airplane
cifar10-train-16895.png,airplane
n01821076_218.png,airplane
n01858906_3951.png,airplane
n02120997_11367.png,airplane
n02125311_1093.png,airplane
n02122725_4986.png,airplane
n02123478_7124.png,airplane
cifar10-train-13750.png,airplane
n02125311_15885.png,airplane
n02129604_285.png,airplane
cifar10-train-13013.png,airplane
n02129837_2341.png,airplane
n02121808_1767.png,airplane
cifar10-train-845.png,airplane
cifar10-train-32108.png,airplane
n02123917_1760.png,airplane
n02123917_5402.png,airplane
cifar10-train-18954.png,airplane
n02125010_5934.png,airplane
cifar10-test-4876.png,airplane
n02122878_13609.png,airplane
n02124313_4137.png,airplane
cifar10-train-25882.png,airplane
n02124075_7074.png,airplane
n02124313_10980.png,cat
cifar10-train-26974.png,cat
cifar10-test-6375.png,cat
cifar10-test-5817.png,cat
n02129165_3143.png,cat
cifar10-train-23763.png,cat
cifar10-train-39910.png,cat
cifar10-test-2798.png,cat
n02121620_4769.png,cat
n02129991_2148.png,cat
n02129923_4932.png,cat
n02126139_5637.png,cat
n02125311_8711.png,cat
n02129837_7091.png,cat
n02123242_13605.png,cat
n02127808_213.png,cat
cifar10-test-5029.png,cat
cifar10-test-8382.png,cat
n02130308_9681.png,cat
n02129991_5500.png,cat
n02130308_5349.png,cat
n02125081_4840.png,cat
n02122725_7037.png,cat
n02123045_10286.png,cat
n02124313_12561.png,cat
n02129165_1238.png,cat
n02127052_22962.png,cat
cifar10-test-7214.png,cat
n02123242_2264.png,cat
cifar10-test-6225.png,cat
n02129463_2550.png,cat
cifar10-test-3130.png,cat
n01323068_7530.png,cat
n02121620_3452.png,cat
cifar10-test-4975.png,cat
cifar10-train-42433.png,cat
n02125081_4068.png,cat
cifar10-train-20520.png,cat
n02129837_7010.png,cat
n02124313_11583.png,cat
cifar10-train-29561.png,cat
cifar10-test-7952.png,cat
n02125311_8460.png,cat
n02129923_5483.png,cat
n02122298_30.png,cat
n02123394_1296.png,cat
n02122430_718.png,cat
cifar10-train-35271.png,cat
cifar10-train-25545.png,cat
n02129604_16645.png,cat
n02127808_13044.png,cat
n02129604_4815.png,cat
n02124623_14840.png,cat
n02125311_2032.png,cat
n02128385_1291.png,cat
cifar10-test-5433.png,cat
n02124313_3057.png,cat
n02123159_6159.png,cat
n02125494_7502.png,cat
n02121808_11469.png,cat
n02121808_23089.png,cat
cifar10-train-18371.png,cat
n02129463_2743.png,cat
n02120997_10675.png,cat
cifar10-train-5319.png,cat
n02125081_464.png,cat
cifar10-train-49773.png,cat
n02124484_4811.png,cat
cifar10-test-8193.png,cat
n02129604_2616.png,cat
n02129604_3728.png,cat
cifar10-test-2524.png,cat
n02123917_4891.png,cat
n02123159_5564.png,cat
n02129463_5632.png,cat
n02125311_2097.png,cat
n02123242_7977.png,cat
n02122510_9217.png,cat
n01322898_10460.png,cat
n02126787_3425.png,cat
n02125311_8292.png,cat
n02123597_7419.png,cat
cifar10-test-6135.png,cat
n02128757_1656.png,cat
n01322898_10491.png,cat
n01323068_679.png,cat
n02123394_2903.png,cat
n02123045_4358.png,cat
n02129604_2893.png,cat
n02127052_11521.png,cat
n02129165_73.png,cat
cifar10-train-17939.png,cat
n02128385_1581.png,cat
n02128669_2661.png,cat
n02127052_6799.png,cat
n02122298_49277.png,cat
n02124484_882.png,cat
cifar10-train-43749.png,cat
n02122878_2777.png,cat
n02128757_5147.png,cat
n02124313_8663.png,cat
n02125010_1601.png,cat
n02123159_359.png,cat
cifar10-test-7475.png,cat
n02123045_9901.png,cat
n02128757_1791.png,cat
n02126139_6665.png,cat
n02122430_202.png,cat
n02129165_21660.png,cat
cifar10-test-4637.png,cat
n02122298_13190.png,cat
cifar10-test-3194.png,cat
n02122298_35948.png,cat
n02128925_29799.png,cat
cifar10-test-320.png,cat
cifar10-train-28190.png,cat
cifar10-test-882.png,cat
cifar10-test-7783.png,cat
cifar10-test-4962.png,cat
cifar10-test-7627.png,cat
cifar10-test-8200.png,cat
n02126317_10390.png,cat
n02127808_5486.png,cat
n02128925_28238.png,cat
n02129604_9147.png,cat
n02124313_9484.png,cat
n02125689_2955.png,cat
n02120997_6087.png,cat
n02122878_498.png,automobile
n02129604_3454.png,automobile
n02122510_286.png,automobile
n02123917_6570.png,automobile
n02124313_1531.png,automobile
n02128757_11615.png,automobile
n02120997_13081.png,automobile
n02128385_1808.png,automobile
n02121808_4282.png,automobile
n02123242_4101.png,automobile
n02124075_7387.png,automobile
n02122725_18427.png,automobile
n02122298_26567.png,automobile
cifar10-train-14800.png,automobile
n02123478_2056.png,automobile
n02120997_9512.png,automobile
n02128669_7683.png,automobile
n02122725_6993.png,automobile
n02121808_5259.png,automobile
n02128669_11104.png,automobile
n02127808_534.png,automobile
n02123917_5191.png,automobile
n02123917_3554.png,automobile
n02129463_5304.png,automobile
n02129463_955.png,automobile
n02129463_5673.png,automobile
n02124313_4504.png,automobile
n02126787_2647.png,automobile
n02124484_10276.png,automobile
n02122725_1022.png,automobile
cifar10-train-9909.png,automobile
n02125311_8172.png,automobile
n02123045_4850.png,automobile
n02128385_14642.png,automobile
n02129837_7183.png,automobile
n01322898_4824.png,automobile
n02122298_11193.png,automobile
n02129837_8515.png,automobile
n02129604_11082.png,automobile
cifar10-test-3254.png,automobile
cifar10-train-49819.png,automobile
n02129463_2994.png,automobile
n02127052_12563.png,automobile
n02123242_9508.png,automobile
n02129165_3944.png,automobile
n02122298_31545.png,automobile
n01322898_8846.png,automobile
cifar10-train-35754.png,automobile
cifar10-test-6873.png,automobile
n02125494_6146.png,automobile
n02123478_9073.png,automobile
n02130308_2843.png,automobile
cifar10-test-5908.png,automobile
n02126640_3043.png,automobile
cifar10-test-3220.png,automobile
n02126640_1822.png,automobile
cifar10-train-27652.png,automobile
cifar10-train-6306.png,automobile
n02128385_2833.png,automobile
cifar10-test-1782.png,automobile
n01322898_3652.png,automobile
cifar10-train-41597.png,automobile
cifar10-test-786.png,automobile
n02121620_24679.png,automobile
n02122878_7459.png,bird
n02129923_6507.png,bird
n02124313_2975.png,bird
n02127052_4624.png,bird
cifar10-train-333.png,bird
n02125081_1138.png,bird
n02129463_5984.png,bird
cifar10-test-8999.png,bird
cifar10-test-7105.png,bird
n02129923_5266.png,bird
cifar10-test-5128.png,bird
n02129923_631.png,bird
n01322898_9769.png,bird
n01323068_473.png,bird
n02123159_3043.png,bird
cifar10-test-5560.png,bird
cifar10-train-31788.png,bird
n02127052_2821.png,bird
n02123242_3819.png,bird
cifar10-test-5532.png,bird
n02124075_2387.png,bird
n02124484_2499.png,bird
cifar10-train-29936.png,bird
cifar10-train-46037.png,bird
n02121620_33430.png,bird
cifar10-test-6976.png,bird
n02123597_3235.png,bird
n02128925_29222.png,bird
n02129991_4687.png,bird
n02130308_156.png,bird
n02123394_1162.png,bird
cifar10-test-2949.png,bird
n02123242_15048.png,bird
n02121808_2226.png,bird
cifar10-test-5410.png,bird
n02129837_2676.png,bird
n02127052_4627.png,bird
cifar10-test-7854.png,bird
n02123917_374.png,bird
n02125010_8511.png,bird
n02123242_10572.png,bird
n02123159_4629.png,bird
n02123597_3590.png,bird
n02122725_968.png,bird
n02126640_2427.png,bird
n02128757_10014.png,bird
cifar10-train-41578.png,bird
cifar10-train-24842.png,bird
n02128385_1301.png,bird
n02122298_66956.png,bird
n02125081_4433.png,bird
cifar10-train-16296.png,bird
n02123394_2449.png,bird
n02129463_10071.png,bird
n02128925_12583.png,bird
cifar10-test-6102.png,bird
cifar10-train-6405.png,bird
cifar10-train-49054.png,bird
cifar10-test-3787.png,bird
n02120997_12914.png,bird
cifar10-train-31649.png,bird
n02123242_6239.png,bird
n01323068_4105.png,bird
cifar10-test-9968.png,bird
n02126640_2479.png,cat
cifar10-test-1050.png,cat
n02120997_4407.png,cat
cifar10-train-2947.png,cat
n01323068_7038.png,cat
n02128669_5941.png,cat
n02123045_7302.png,cat
n02125689_2641.png,cat
cifar10-train-23401.png,cat
cifar10-train-14962.png,cat
n02129991_4918.png,cat
n02128925_30225.png,cat
cifar10-test-6994.png,cat
n02130308_294.png,cat
n02127808_10046.png,cat
n02129604_10454.png,cat
n02126139_1079.png,cat
n02120997_5512.png,cat
n02123159_1157.png,cat
n02122510_6839.png,cat
n02128757_17035.png,cat
n02123597_3104.png,cat
cifar10-train-5520.png,cat
n02126139_1966.png,cat
n02129837_6025.png,cat
n02123159_5706.png,cat
n02123394_1913.png,cat
n02128925_2386.png,cat
n02123159_3467.png,cat
cifar10-test-8279.png,cat
n02128385_5612.png,cat
cifar10-test-9198.png,cat
n02123597_9395.png,cat
cifar10-train-22294.png,cat
n02122878_582.png,cat
n02121620_33422.png,cat
n02124313_7851.png,cat
n02120997_6973.png,cat
n02124313_6347.png,cat
n02126787_4205.png,cat
cifar10-train-40907.png,cat
n02123478_2536.png,cat
n02124313_7736.png,cat
n02127052_4968.png,cat
cifar10-train-40643.png,cat
n02123394_8098.png,cat
n02125494_7699.png,cat
cifar10-train-2785.png,cat
n02123394_2662.png,cat
n02123045_9178.png,cat
n02126028_7115.png,cat
n02129604_4369.png,cat
n02128385_3977.png,cat
n02127808_2553.png,cat
n02125311_688.png,cat
n02126640_5225.png,cat
n02129923_7051.png,cat
cifar10-test-950.png,cat
n02129991_2311.png,cat
n02127808_643.png,cat
cifar10-test-1787.png,cat
n02127808_4156.png,cat
n02121808_50.png,cat
cifar10-test-1065.png,cat
n02129165_21556.png,cat
cifar10-test-790.png,cat
n02122298_64512.png,cat
cifar10-test-1179.png,cat
cifar10-train-46402.png,cat
n02126787_280.png,cat
n02125010_3314.png,cat
n02124075_7984.png,cat
n02125081_6882.png,cat
cifar10-train-34771.png,cat
cifar10-test-7885.png,cat
cifar10-test-6393.png,cat
n02128385_19924.png,cat
cifar10-train-11976.png,cat
n02122298_25849.png,cat
n02122878_2159.png,cat
n02125311_24256.png,cat
n02124313_2824.png,cat
n02123242_2091.png,cat
n02123242_13218.png,cat
cifar10-train-4737.png,cat
n02122510_5601.png,cat
cifar10-train-18482.png,cat
n02121808_1336.png,cat
n02122298_27680.png,cat
n02122298_14314.png,cat
n02125494_16947.png,cat
n02128385_6708.png,cat
n02123597_10484.png,cat
n02122725_3561.png,cat
n02125689_144.png,cat
cifar10-test-2405.png,cat
n02128757_6264.png,cat
n02123597_8443.png,cat
cifar10-train-27698.png,cat
n02122298_42039.png,cat
n02123917_6999.png,cat
cifar10-test-8175.png,cat
n02125081_2259.png,cat
n02123394_307.png,cat
cifar10-train-14485.png,cat
n02125010_3803.png,cat
n02123159_4412.png,cat
n02123045_7804.png,cat
n02123045_9744.png,cat
n02123917_422.png,cat
n02125311_15337.png,cat
n02130308_8192.png,cat
cifar10-train-1487.png,cat
cifar10-train-4402.png,cat
n02123159_3723.png,cat
n02125081_1312.png,cat
n02124075_2293.png,cat
n02125311_19477.png,cat
n02122510_5772.png,cat
n02129604_5045.png,cat
cifar10-train-26906.png,cat
n02123597_8165.png,cat
cifar10-train-7719.png,cat
n02122298_4321.png,cat
n02129165_9684.png,cat
cifar10-train-23295.png,cat
n02126139_8088.png,cat
cifar10-test-7962.png,cat
cifar10-train-47851.png,cat
cifar10-test-1662.png,cat
cifar10-train-40227.png,cat
n02123394_1136.png,cat
n02128385_10284.png,cat
n02129463_2328.png,cat
n02123045_12325.png,cat
cifar10-test-4169.png,cat
cifar10-train-29607.png,cat
n02128757_650.png,cat
n02127052_7078.png,cat
n02125311_6797.png,cat
n02123394_28.png,cat
n02124075_5104.png,cat
n02129837_4223.png,cat
n02121808_21363.png,cat
n02121808_19481.png,cat
n02120997_8455.png,cat
n02125494_9313.png,cat
n02129923_6330.png,cat
n02125081_1147.png,cat
cifar10-test-3607.png,cat
cifar10-test-1603.png,cat
n02123242_4126.png,cat
n02125010_6360.png,cat
n02129923_2622.png,cat
n02129463_1713.png,cat
n02126028_11570.png,cat
n02128757_2214.png,cat
n02123597_11915.png,cat
n02123394_3435.png,cat
n02129463_11940.png,cat
n02125494_1866.png,cat
cifar10-train-30611.png,cat
n02129923_4727.png,cat
n02127808_593.png,cat
n02125010_926.png,cat
n02122510_3943.png,cat
n02129923_2109.png,cat
n02126139_115.png,cat
n02126139_3827.png,cat
n02126787_1448.png,cat
n02123478_10035.png,cat
n02129165_4640.png,cat
n02129837_8891.png,cat
n02129604_9008.png,cat
cifar10-test-3491.png,cat
cifar10-train-30461.png,cat
n02124313_6681.png,cat
n02124075_436.png,cat
n02125010_5415.png,cat
n01323068_9309.png,cat
n02129837_5774.png,cat
n02126139_7338.png,cat
n02127808_6471.png,cat
n02124484_7181.png,cat
n02123478_10513.png,cat
n02126139_10571.png,cat
n02125311_45789.png,cat
n02123917_3555.png,cat
n02125494_1570.png,cat
n01322898_8666.png,cat
n02123917_4998.png,cat
cifar10-test-6783.png,cat
n02122878_1142.png,cat
n02123597_10669.png,cat
n01323068_1722.png,cat
cifar10-train-28131.png,cat
n02123242_5122.png,cat
cifar10-train-21462.png,cat
n02128925_30497.png,cat
n02125010_7408.png,cat
cifar10-train-21347.png,cat
n02129604_3944.png,cat
cifar10-test-5086.png,cat
n02127808_2211.png,cat
n02123597_10630.png,cat
n02129463_11234.png,cat
n02123394_201.png,cat
n02127808_745.png,cat
cifar10-test-831.png,cat
n02121808_3966.png,cat
n02127808_9924.png,cat
n02125081_2716.png,cat
cifar10-train-11105.png,cat
cifar10-test-5888.png,cat
cifar10-test-4027.png,cat
n02429456_71.png,cat
n02433925_18192.png,cat
n02402010_10360.png,cat
cifar10-test-3069.png,cat
n02430830_556.png,cat
cifar10-train-23309.png,cat
n02430045_2706.png,cat
n02439033_8208.png,cat
n02410509_3558.png,cat
n02431122_5966.png,cat
n02432983_21357.png,cat
n02431122_4488.png,cat
n02433925_3006.png,cat
cifar10-train-20342.png,cat
n02410509_1493.png,cat
n02410509_1249.png,cat
n02431976_2378.png,cat
n02411705_3141.png,cat
n02433318_93.png,cat
n02416519_1820.png,cat
n02430830_12053.png,cat
cifar10-test-890.png,cat
n02431785_7732.png,cat
cifar10-train-1863.png,cat
n02431628_7304.png,cat
cifar10-test-7341.png,cat
cifar10-train-26911.png,cat
n02399000_1064.png,cat
cifar10-train-30881.png,cat
cifar10-train-33590.png,cat
cifar10-test-3759.png,cat
n02430830_3815.png,cat
cifar10-train-49564.png,cat
n02433925_3858.png,cat
n02439033_1887.png,cat
n02431785_8444.png,cat
cifar10-test-7253.png,cat
n02402010_12106.png,cat
n02410509_1168.png,cat
n02433546_3327.png,cat
n02430045_4933.png,cat
cifar10-test-3375.png,deer
cifar10-test-5924.png,deer
cifar10-train-8654.png,deer
n02439033_9261.png,deer
n02410509_1847.png,deer
n02429456_384.png,deer
cifar10-test-3410.png,deer
n02433546_6303.png,deer
n02439398_6342.png,deer
n02432511_2514.png,deer
cifar10-train-21453.png,deer
n02434954_5018.png,deer
n02431122_36701.png,deer
n02430045_5051.png,deer
n02439033_16404.png,deer
n02439398_5803.png,deer
n02432983_22368.png,deer
cifar10-test-2032.png,deer
n02432983_15012.png,deer
n02402010_10681.png,deer
n02430045_5062.png,deer
n02410509_3323.png,deer
n02439398_8693.png,deer
n02433318_447.png,deer
n02431628_1943.png,deer
n02432291_7690.png,deer
cifar10-train-14923.png,deer
n02432983_16284.png,deer
cifar10-train-2123.png,deer
n02434954_3290.png,deer
cifar10-train-39244.png,deer
n02433318_802.png,deer
n02431785_7391.png,deer
n02410509_4291.png,deer
n02431785_4672.png,deer
n02430830_11732.png,deer
n02432291_5524.png,deer
n02439033_5482.png,deer
n02433546_5420.png,deer
n02439398_9025.png,deer
cifar10-train-42142.png,deer
n02434954_2633.png,deer
n02411705_2987.png,deer
n02433546_7450.png,deer
cifar10-train-43810.png,deer
cifar10-train-45756.png,deer
n02431122_8779.png,deer
n02431976_2458.png,deer
cifar10-train-16865.png,deer
n02431122_7532.png,deer
n02432511_4074.png,deer
n02432291_2900.png,deer
n02430045_3036.png,deer
n02435517_2865.png,deer
n02430045_12917.png,deer
n02402010_876.png,deer
n02410509_453.png,deer
n02411705_16248.png,deer
n02433546_1769.png,deer
n02416519_7051.png,deer
n02414578_5249.png,deer
n02418064_266.png,deer
cifar10-test-7188.png,deer
n02433318_5323.png,deer
n02432983_23416.png,deer
n02439398_5211.png,deer
n02439033_11847.png,deer
cifar10-train-43306.png,deer
cifar10-train-19170.png,deer
cifar10-test-7857.png,deer
n02407959_63.png,deer
n02432983_6313.png,deer
n02430830_14835.png,deer
n02433318_11224.png,deer
n02414578_589.png,deer
n02431785_333.png,deer
n02433925_21580.png,deer
n02407959_6067.png,deer
cifar10-test-6403.png,deer
n02414578_5322.png,deer
n02432983_11139.png,deer
n02439398_7173.png,deer
n02433546_8008.png,deer
n02432291_4725.png,deer
n02433318_4788.png,deer
cifar10-train-34227.png,deer
n02439398_4958.png,deer
n02419796_4406.png,deer
n02433925_11919.png,deer
cifar10-test-1364.png,deer
cifar10-train-45046.png,deer
n02432291_26419.png,deer
n02434712_1322.png,deer
n02434712_1651.png,deer
n02416519_321.png,deer
n02431785_8308.png,deer
n02434954_926.png,deer
n02432291_32257.png,deer
n02431785_2699.png,deer
n02432291_6781.png,deer
n02430830_176.png,deer
cifar10-test-6665.png,deer
n02433925_30249.png,deer
n02432291_4406.png,deer
n02433925_19716.png,deer
cifar10-test-4600.png,deer
n02432983_10698.png,deer
n02439033_1296.png,deer
n02407959_8275.png,deer
n02416519_39.png,deer
n02399000_5054.png,deer
cifar10-train-489.png,deer
n02432291_593.png,deer
n02429456_7317.png,deer
cifar10-train-32909.png,deer
cifar10-test-5942.png,deer
n02410509_2706.png,deer
n02411705_5706.png,deer
n02429456_4358.png,deer
cifar10-test-1592.png,deer
n02410509_520.png,deer
n02430045_3279.png,deer
n02434712_728.png,deer
cifar10-test-1393.png,deer
n02431122_36987.png,deer
n02433546_3787.png,deer
cifar10-train-49902.png,deer
n02399000_7019.png,deer
n02430045_4027.png,cat
n02429456_8728.png,cat
cifar10-train-22886.png,cat
n02439398_1747.png,cat
n02439033_4471.png,cat
cifar10-test-8190.png,cat
n02402010_8887.png,cat
cifar10-test-3216.png,cat
n02430045_4622.png,cat
n02432291_7255.png,cat
cifar10-test-4608.png,cat
n02432511_3568.png,cat
n02414578_5869.png,cat
cifar10-test-1919.png,cat
n02429456_5457.png,cat
cifar10-train-29046.png,cat
n02433318_5945.png,cat
cifar10-test-3284.png,cat
n02433318_4746.png,cat
n02410509_4467.png,cat
n02401031_551.png,cat
n02439033_9513.png,cat
n02435517_1130.png,cat
cifar10-train-31084.png,cat
n02439398_1384.png,cat
n02430045_8195.png,cat
n02431785_6586.png,cat
n02431628_3966.png,cat
n02432983_8142.png,cat
cifar10-test-6056.png,cat
n02432291_256.png,cat
n02401031_2251.png,cat
cifar10-test-4053.png,cat
n02435216_4452.png,cat
n02430830_14444.png,cat
n02429456_3212.png,cat
n02439398_1713.png,cat
n02432983_11674.png,cat
n02431785_14556.png,cat
n02410509_7803.png,cat
n02410509_2204.png,cat
n02433925_1832.png,cat
n02432291_9837.png,cat
cifar10-train-21929.png,cat
n02401031_317.png,cat
n02402010_7304.png,cat
n02407959_16716.png,cat
n02414578_3527.png,cat
cifar10-train-13498.png,cat
n02431628_3919.png,cat
n02431976_10681.png,cat
n02430045_4680.png,cat
cifar10-train-7602.png,cat
n02434954_6187.png,cat
n02411206_1087.png,cat
n02431122_1708.png,cat
cifar10-train-27898.png,cat
n02419796_837.png,cat
n02401031_661.png,cat
n02411206_397.png,cat
n02410509_3451.png,cat
n02432983_3879.png,cat
n02435853_651.png,cat
cifar10-train-37741.png,cat
n02439033_14949.png,deer
n02431785_7116.png,deer
n02433925_16903.png,deer
n02432983_5520.png,deer
n02436353_943.png,deer
cifar10-train-25893.png,deer
n02431628_1008.png,deer
n02431122_1395.png,deer
n02402010_4426.png,deer
n02414578_2291.png,deer
n02402010_4880.png,deer
n02410509_7707.png,deer
n02431976_9299.png,deer
n02439398_4766.png,deer
n02439033_6758.png,deer
n02433925_1511.png,deer
cifar10-train-28796.png,deer
n02432511_3899.png,deer
n02439033_824.png,deer
n02432511_11023.png,deer
n02414578_178.png,deer
n02431122_1905.png,deer
cifar10-test-7481.png,deer
n02402010_1292.png,deer
cifar10-test-7264.png,deer
n02430045_6115.png,deer
n02407959_381.png,deer
n02410509_178.png,deer
n02411206_5854.png,deer
n02410509_5441.png,deer
n02416519_12796.png,deer
n02433925_18829.png,deer
n02431976_4839.png,deer
cifar10-test-6242.png,deer
n02431976_9808.png,deer
n02433925_1352.png,deer
n02431628_2312.png,deer
cifar10-test-6477.png,deer
cifar10-train-1373.png,deer
cifar10-train-5434.png,deer
cifar10-test-6038.png,deer
n02411206_4444.png,deer
n02432291_3508.png,deer
n02416519_1674.png,deer
n02430830_15420.png,deer
n02431976_5207.png,deer
n02432511_2687.png,deer
n02431785_5122.png,deer
n02432511_6679.png,deer
n02431628_4060.png,deer
n02416519_13894.png,deer
n02411705_12709.png,deer
n02431785_7500.png,deer
cifar10-train-44844.png,deer
n02414578_4653.png,deer
n02433318_3410.png,deer
n02430830_14886.png,deer
n02432291_3088.png,deer
n02439033_414.png,deer
cifar10-test-1658.png,deer
n02432291_2576.png,deer
cifar10-train-28590.png,deer
n02433318_9793.png,deer
cifar10-train-31271.png,deer
n02414578_1028.png,deer
n02433925_4034.png,deer
n02419796_4332.png,deer
n02414578_4298.png,deer
n02433546_6355.png,deer
n02428842_2826.png,deer
cifar10-train-4384.png,deer
n02407959_20271.png,deer
n02431628_5420.png,deer
n02431785_4328.png,deer
n02416519_1886.png,deer
n02402010_10113.png,deer
cifar10-train-32384.png,deer
n02435517_37.png,deer
n02433546_3421.png,deer
n02419796_6897.png,deer
n02432983_22033.png,deer
cifar10-test-1986.png,deer
n02429456_2026.png,deer
cifar10-train-12213.png,deer
n02432983_16101.png,deer
cifar10-test-1133.png,deer
n02433925_31468.png,deer
n02433925_18727.png,deer
n02432291_405.png,deer
n02432983_8673.png,deer
n02414578_4211.png,deer
n02431976_5404.png,deer
n02431122_4762.png,deer
n02410509_8906.png,deer
n02399000_1696.png,deer
n02410509_8199.png,deer
cifar10-test-5742.png,deer
cifar10-test-1624.png,deer
n02410509_8970.png,deer
cifar10-test-1272.png,deer
n02430830_3423.png,deer
cifar10-test-6855.png,deer
n02432511_2055.png,deer
n02419796_7777.png,deer
n02431976_11368.png,deer
n02433546_6489.png,deer
n02439033_5764.png,deer
cifar10-train-31733.png,deer
n02414578_3473.png,deer
n02402010_4110.png,deer
n02433546_9802.png,deer
n02433318_13.png,deer
n02411705_3347.png,deer
cifar10-test-7490.png,deer
n02435853_3019.png,deer
cifar10-train-44840.png,deer
n02432291_6807.png,deer
cifar10-test-3297.png,deer
n02419796_10639.png,deer
n02439033_10224.png,deer
n02433925_6414.png,deer
cifar10-train-15582.png,deer
n02433546_5950.png,deer
n02410509_721.png,deer
n02428842_8248.png,deer
cifar10-train-39588.png,deer
n02435517_1413.png,deer
cifar10-train-45512.png,deer
n02431785_14076.png,deer
n02411206_3809.png,deer
n02439033_12867.png,deer
n02430045_3024.png,deer
n02410509_633.png,deer
cifar10-train-18818.png,deer
cifar10-test-1570.png,deer
n02431785_111.png,deer
n02432291_14726.png,deer
n02431122_4663.png,deer
n02432983_22086.png,deer
cifar10-test-5933.png,deer
n02419796_5370.png,deer
n02433546_61.png,deer
cifar10-train-3112.png,deer
n02431976_6800.png,deer
n02432511_2371.png,deer
n02399000_5589.png,deer
n02434954_3011.png,deer
n02439398_4337.png,deer
n02431976_2639.png,deer
n02430045_10658.png,deer
n02436353_2263.png,deer
n02429456_5756.png,deer
n02429456_2200.png,deer
n02431122_6157.png,deer
n02439398_2185.png,deer
n02407959_19336.png,deer
n02432983_10846.png,deer
n02432511_1074.png,deer
n02416519_2647.png,deer
n02433925_29777.png,deer
n02433925_15675.png,deer
n02410509_5659.png,deer
n02432983_5493.png,deer
n02431122_2529.png,deer
n02416519_139.png,deer
n02416519_5665.png,deer
n02439033_14292.png,deer
n02402010_4886.png,deer
n02433546_10899.png,deer
n02433318_1329.png,deer
n02428842_673.png,deer
n02432511_4318.png,deer
n02434954_4125.png,deer
cifar10-test-1765.png,deer
n02439033_10295.png,deer
cifar10-test-1503.png,deer
n02431785_13616.png,deer
n02432983_25212.png,deer
n02433318_3409.png,deer
n02416519_7108.png,deer
n02431976_3100.png,deer
n02432983_11973.png,deer
n02429456_297.png,deer
cifar10-train-33209.png,deer
n02432983_3729.png,deer
cifar10-train-22683.png,deer
n02439033_7515.png,deer
n02431976_673.png,deer
n02433925_18798.png,deer
n02432983_14389.png,deer
n02402010_8351.png,deer
n02411705_2531.png,deer
n02401031_2242.png,bird
n02433546_183.png,bird
n02407959_4306.png,bird
cifar10-train-32446.png,bird
n02430045_1092.png,bird
n02431122_5888.png,bird
n02439033_227.png,bird
n02411206_3304.png,bird
cifar10-train-477.png,bird
n02431976_9332.png,bird
n02431785_4240.png,bird
n02429456_107.png,bird
cifar10-test-7248.png,bird
n02433546_412.png,bird
cifar10-test-627.png,bird
n02411206_7933.png,bird
n02431785_3599.png,bird
n02411206_1633.png,bird
cifar10-test-3915.png,bird
n02399000_6450.png,bird
n02431122_7587.png,bird
n02433318_4337.png,bird
n02431628_5191.png,bird
n02431785_7498.png,bird
n02431628_4983.png,bird
cifar10-test-3766.png,bird
n02434712_995.png,bird
n02419796_4905.png,bird
n02430045_3966.png,bird
cifar10-test-3914.png,bird
n02439398_4474.png,bird
n02432511_5190.png,bird
n02430045_600.png,bird
cifar10-train-45293.png,bird
n02432291_5977.png,bird
n02434954_2024.png,bird
n02431785_16395.png,bird
n02431976_9817.png,bird
n02432511_1290.png,bird
n02433546_10030.png,bird
n02419796_3148.png,bird
n02435517_3313.png,bird
n02407959_2539.png,bird
cifar10-test-1798.png,bird
n02431976_236.png,bird
n02430830_17142.png,bird
n02435517_874.png,bird
n02411206_92.png,bird
n02432291_8287.png,bird
n02430830_9211.png,bird
n02431122_3170.png,bird
n02419796_10865.png,bird
n02430045_5648.png,bird
cifar10-train-2896.png,bird
cifar10-test-1945.png,bird
n02434954_6058.png,bird
